{
  "test/mean_score": 0.7173914964708666,
  "test/sim_max_reward_100000": 0.0,
  "test/sim_max_reward_100001": 0.0,
  "test/sim_max_reward_100002": 1.0,
  "test/sim_max_reward_100003": 0.9759492277867724,
  "test/sim_max_reward_100004": 0.5968954503207986,
  "test/sim_max_reward_100005": 1.0,
  "test/sim_max_reward_100006": 1.0,
  "test/sim_max_reward_100007": 0.0,
  "test/sim_max_reward_100008": 1.0,
  "test/sim_max_reward_100009": 0.9563006422071093,
  "test/sim_max_reward_100010": 0.986128393711698,
  "test/sim_max_reward_100011": 0.0,
  "test/sim_max_reward_100012": 1.0,
  "test/sim_max_reward_100013": 0.025197654634723794,
  "test/sim_max_reward_100014": 0.0,
  "test/sim_max_reward_100015": 0.596638101209018,
  "test/sim_max_reward_100016": 1.0,
  "test/sim_max_reward_100017": 1.0,
  "test/sim_max_reward_100018": 0.0,
  "test/sim_max_reward_100019": 0.9671609603525995,
  "test/sim_max_reward_100020": 1.0,
  "test/sim_max_reward_100021": 1.0,
  "test/sim_max_reward_100022": 1.0,
  "test/sim_max_reward_100023": 0.9535191595439118,
  "test/sim_max_reward_100024": 0.0,
  "test/sim_max_reward_100025": 0.9958232170803863,
  "test/sim_max_reward_100026": 0.9957629250247176,
  "test/sim_max_reward_100027": 1.0,
  "test/sim_max_reward_100028": 0.0,
  "test/sim_max_reward_100029": 0.7959928735736596,
  "test/sim_max_reward_100030": 0.15127386886607666,
  "test/sim_max_reward_100031": 1.0,
  "test/sim_max_reward_100032": 1.0,
  "test/sim_max_reward_100033": 0.82817576710772,
  "test/sim_max_reward_100034": 0.0,
  "test/sim_max_reward_100035": 0.9989668381634902,
  "test/sim_max_reward_100036": 0.15049034593570565,
  "test/sim_max_reward_100037": 1.0,
  "test/sim_max_reward_100038": 1.0,
  "test/sim_max_reward_100039": 1.0,
  "test/sim_max_reward_100040": 1.0,
  "test/sim_max_reward_100041": 0.977130650723975,
  "test/sim_max_reward_100042": 0.0,
  "test/sim_max_reward_100043": 1.0,
  "test/sim_max_reward_100044": 1.0,
  "test/sim_max_reward_100045": 1.0,
  "test/sim_max_reward_100046": 0.9203875581282773,
  "test/sim_max_reward_100047": 1.0,
  "test/sim_max_reward_100048": 1.0,
  "test/sim_max_reward_100049": 0.9977811891726946,
  "test/sim_video_100000": "data/push_eval_output/media/gu6swi17.mp4",
  "test/sim_video_100001": "data/push_eval_output/media/althjg5j.mp4",
  "test/sim_video_100002": "data/push_eval_output/media/v7cmmheu.mp4",
  "test/sim_video_100003": "data/push_eval_output/media/v9fyyzvw.mp4",
  "train/mean_score": 0.9602929730759872,
  "train/sim_max_reward_0": 0.9077244578366678,
  "train/sim_max_reward_1": 0.9453995663645502,
  "train/sim_max_reward_2": 0.9679496259915217,
  "train/sim_max_reward_3": 0.9787851136861859,
  "train/sim_max_reward_4": 0.9873472648282982,
  "train/sim_max_reward_5": 0.974551809748698,
  "train/sim_video_0": "data/push_eval_output/media/cwor74oh.mp4",
  "train/sim_video_1": "data/push_eval_output/media/8krnwokl.mp4"
}