{
  "test/mean_score": 0.8153674448343062,
  "test/sim_max_reward_100000": 1.0,
  "test/sim_max_reward_100001": 0.0,
  "test/sim_max_reward_100002": 1.0,
  "test/sim_max_reward_100003": 1.0,
  "test/sim_max_reward_100004": 1.0,
  "test/sim_max_reward_100005": 0.947954304254908,
  "test/sim_max_reward_100006": 1.0,
  "test/sim_max_reward_100007": 0.0,
  "test/sim_max_reward_100008": 1.0,
  "test/sim_max_reward_100009": 1.0,
  "test/sim_max_reward_100010": 0.9681629571644664,
  "test/sim_max_reward_100011": 0.0,
  "test/sim_max_reward_100012": 0.9519561357759088,
  "test/sim_max_reward_100013": 1.0,
  "test/sim_max_reward_100014": 1.0,
  "test/sim_max_reward_100015": 0.96209632945031,
  "test/sim_max_reward_100016": 1.0,
  "test/sim_max_reward_100017": 0.9559155546281839,
  "test/sim_max_reward_100018": 0.9672360977063196,
  "test/sim_max_reward_100019": 0.9888074007187843,
  "test/sim_max_reward_100020": 1.0,
  "test/sim_max_reward_100021": 0.9671663279164862,
  "test/sim_max_reward_100022": 1.0,
  "test/sim_max_reward_100023": 1.0,
  "test/sim_max_reward_100024": 0.0,
  "test/sim_max_reward_100025": 1.0,
  "test/sim_max_reward_100026": 1.0,
  "test/sim_max_reward_100027": 0.9269326580235446,
  "test/sim_max_reward_100028": 0.0,
  "test/sim_max_reward_100029": 0.0,
  "test/sim_max_reward_100030": 1.0,
  "test/sim_max_reward_100031": 0.9964361889448012,
  "test/sim_max_reward_100032": 1.0,
  "test/sim_max_reward_100033": 0.9514535306550338,
  "test/sim_max_reward_100034": 0.0,
  "test/sim_max_reward_100035": 0.0,
  "test/sim_max_reward_100036": 1.0,
  "test/sim_max_reward_100037": 0.9784346536385572,
  "test/sim_max_reward_100038": 1.0,
  "test/sim_max_reward_100039": 0.9968702919029414,
  "test/sim_max_reward_100040": 1.0,
  "test/sim_max_reward_100041": 1.0,
  "test/sim_max_reward_100042": 1.0,
  "test/sim_max_reward_100043": 1.0,
  "test/sim_max_reward_100044": 0.9653078881360478,
  "test/sim_max_reward_100045": 0.980328956738365,
  "test/sim_max_reward_100046": 1.0,
  "test/sim_max_reward_100047": 0.9977724157474517,
  "test/sim_max_reward_100048": 0.8872308487675213,
  "test/sim_max_reward_100049": 0.5647685184617128,
  "test/sim_max_reward_100050": 1.0,
  "test/sim_max_reward_100051": 0.9977039503448755,
  "test/sim_max_reward_100052": 1.0,
  "test/sim_max_reward_100053": 0.0,
  "test/sim_max_reward_100054": 1.0,
  "test/sim_max_reward_100055": 0.9336921016465866,
  "test/sim_max_reward_100056": 0.9743407156871702,
  "test/sim_max_reward_100057": 0.0,
  "test/sim_max_reward_100058": 1.0,
  "test/sim_max_reward_100059": 0.9156839799555163,
  "test/sim_max_reward_100060": 1.0,
  "test/sim_max_reward_100061": 1.0,
  "test/sim_max_reward_100062": 1.0,
  "test/sim_max_reward_100063": 1.0,
  "test/sim_max_reward_100064": 1.0,
  "test/sim_max_reward_100065": 1.0,
  "test/sim_max_reward_100066": 0.0,
  "test/sim_max_reward_100067": 0.9910954044260583,
  "test/sim_max_reward_100068": 0.994064144046823,
  "test/sim_max_reward_100069": 0.9903557876116679,
  "test/sim_max_reward_100070": 0.9777751053553905,
  "test/sim_max_reward_100071": 1.0,
  "test/sim_max_reward_100072": 1.0,
  "test/sim_max_reward_100073": 1.0,
  "test/sim_max_reward_100074": 0.9600976680668546,
  "test/sim_max_reward_100075": 1.0,
  "test/sim_max_reward_100076": 0.5008546828619359,
  "test/sim_max_reward_100077": 0.9618841072921763,
  "test/sim_max_reward_100078": 1.0,
  "test/sim_max_reward_100079": 0.980631261641264,
  "test/sim_max_reward_100080": 1.0,
  "test/sim_max_reward_100081": 0.9670468830483908,
  "test/sim_max_reward_100082": 0.5384473587034552,
  "test/sim_max_reward_100083": 1.0,
  "test/sim_max_reward_100084": 1.0,
  "test/sim_max_reward_100085": 1.0,
  "test/sim_max_reward_100086": 0.0,
  "test/sim_max_reward_100087": 0.0,
  "test/sim_max_reward_100088": 1.0,
  "test/sim_max_reward_100089": 0.0,
  "test/sim_max_reward_100090": 1.0,
  "test/sim_max_reward_100091": 0.9713008181783129,
  "test/sim_max_reward_100092": 0.9995791702890542,
  "test/sim_max_reward_100093": 1.0,
  "test/sim_max_reward_100094": 0.0,
  "test/sim_max_reward_100095": 1.0,
  "test/sim_max_reward_100096": 0.0,
  "test/sim_max_reward_100097": 0.9726666510178539,
  "test/sim_max_reward_100098": 0.9599788800052834,
  "test/sim_max_reward_100099": 0.9947147546206052,
  "test/sim_video_100000": "data/push_eval_output/media/o1kct7q1.mp4",
  "test/sim_video_100001": "data/push_eval_output/media/jhn6tiuy.mp4",
  "test/sim_video_100002": "data/push_eval_output/media/e12yoamf.mp4",
  "test/sim_video_100003": "data/push_eval_output/media/yn15wmlo.mp4",
  "train/mean_score": 0.8280224240081399,
  "train/sim_max_reward_0": 0.9855194268540582,
  "train/sim_max_reward_1": 1.0,
  "train/sim_max_reward_2": 1.0,
  "train/sim_max_reward_3": 0.9826151171947809,
  "train/sim_max_reward_4": 0.0,
  "train/sim_max_reward_5": 1.0,
  "train/sim_video_0": "data/push_eval_output/media/kzlnl39u.mp4",
  "train/sim_video_1": "data/push_eval_output/media/zesxtl0s.mp4"
}